{"cameraMode":{"drawMode":0,"name":"Shaded","section":"Shading Mode"},"sceneLighting":false,"audioPlay":false,"sceneViewState":{"showFog":true,"showMaterialUpdate":false,"showSkybox":false,"showFlares":true,"showImageEffects":true,"showParticleSystems":true},"in2DMode":false,"pivot":{"x":4.946122646331787,"y":2.287691831588745,"z":1.0539624691009522},"rotation":{"x":-0.1465156078338623,"y":0.15130291879177094,"z":-0.02268305979669094,"w":-0.9773058295249939},"size":7.287294387817383,"orthographic":false}