{"cameraMode":{"drawMode":0,"name":"Shaded","section":"Shading Mode"},"sceneLighting":true,"audioPlay":false,"sceneViewState":{"showFog":true,"showMaterialUpdate":false,"showSkybox":true,"showFlares":true,"showImageEffects":true,"showParticleSystems":true},"in2DMode":false,"pivot":{"x":3.1999998092651369,"y":8.880000114440918,"z":15.0},"rotation":{"x":-0.05419670790433884,"y":-0.05629020929336548,"z":0.0030600554309785368,"w":-0.9969387054443359},"size":8.750028610229493,"orthographic":false}