{"cameraMode":{"drawMode":0,"name":"Shaded","section":"Shading Mode"},"sceneLighting":true,"audioPlay":false,"sceneViewState":{"showFog":true,"showMaterialUpdate":false,"showSkybox":true,"showFlares":true,"showImageEffects":true,"showParticleSystems":true},"in2DMode":false,"pivot":{"x":12.445775032043457,"y":-3.5319578647613527,"z":-29.258712768554689},"rotation":{"x":-0.14656606316566468,"y":-0.20263031125068665,"z":0.030688799917697908,"w":-0.9677395820617676},"size":22.0,"orthographic":false}