{"cameraMode":{"drawMode":0,"name":"Shaded","section":"Shading Mode"},"sceneLighting":true,"audioPlay":false,"sceneViewState":{"showFog":true,"showMaterialUpdate":false,"showSkybox":true,"showFlares":true,"showImageEffects":true,"showParticleSystems":true},"in2DMode":false,"pivot":{"x":233.8000030517578,"y":551.2000122070313,"z":0.0},"rotation":{"x":-0.05419670790433884,"y":-0.05629020929336548,"z":0.0030600554309785368,"w":-0.9969387054443359},"size":10.671297073364258,"orthographic":false}