{"cameraMode":{"drawMode":0,"name":"Shaded","section":"Shading Mode"},"sceneLighting":true,"audioPlay":false,"sceneViewState":{"showFog":true,"showMaterialUpdate":false,"showSkybox":true,"showFlares":true,"showImageEffects":true,"showParticleSystems":true},"in2DMode":false,"pivot":{"x":3.990100622177124,"y":-6.602479934692383,"z":25.682106018066408},"rotation":{"x":0.15091848373413087,"y":0.007414421532303095,"z":-0.0011292359558865429,"w":0.988531768321991},"size":36.737548828125,"orthographic":false}