{"cameraMode":{"drawMode":0,"name":"Shaded","section":"Shading Mode"},"sceneLighting":true,"audioPlay":false,"sceneViewState":{"showFog":true,"showMaterialUpdate":false,"showSkybox":true,"showFlares":true,"showImageEffects":true,"showParticleSystems":true},"in2DMode":false,"pivot":{"x":708.6602172851563,"y":439.79803466796877,"z":98.09600830078125},"rotation":{"x":-0.1067742183804512,"y":-0.035083141177892688,"z":0.014675531536340714,"w":-0.9940505027770996},"size":1074.6649169921875,"orthographic":false}