{"cameraMode":{"drawMode":0,"name":"Shaded","section":"Shading Mode"},"sceneLighting":true,"audioPlay":false,"sceneViewState":{"showFog":true,"showMaterialUpdate":false,"showSkybox":true,"showFlares":true,"showImageEffects":true,"showParticleSystems":true},"in2DMode":false,"pivot":{"x":-0.86395263671875,"y":1.1910400390625,"z":0.5908203125},"rotation":{"x":0.04736057668924332,"y":-0.04946967959403992,"z":0.0017434571636840702,"w":0.997821569442749},"size":6.29229736328125,"orthographic":true}