{"cameraMode":{"drawMode":0,"name":"Shaded","section":"Shading Mode"},"sceneLighting":false,"audioPlay":false,"sceneViewState":{"showFog":true,"showMaterialUpdate":false,"showSkybox":false,"showFlares":true,"showImageEffects":true,"showParticleSystems":true},"in2DMode":false,"pivot":{"x":6.807395935058594,"y":-0.31537294387817385,"z":3.4501841068267824},"rotation":{"x":0.059549860656261447,"y":0.11711932718753815,"z":-0.007035620976239443,"w":0.9913064241409302},"size":7.287294387817383,"orthographic":false}