{"cameraMode":{"drawMode":0,"name":"Shaded","section":"Shading Mode"},"sceneLighting":true,"audioPlay":false,"sceneViewState":{"showFog":true,"showMaterialUpdate":false,"showSkybox":true,"showFlares":true,"showImageEffects":true,"showParticleSystems":true},"in2DMode":false,"pivot":{"x":9.654273986816407,"y":-4.83192253112793,"z":25.930675506591798},"rotation":{"x":0.11344283074140549,"y":0.17490430176258088,"z":-0.020291859284043313,"w":0.977818489074707},"size":54.1410026550293,"orthographic":false}