{"cameraMode":{"drawMode":0,"name":"Shaded","section":"Shading Mode"},"sceneLighting":true,"audioPlay":false,"sceneViewState":{"showFog":true,"showMaterialUpdate":false,"showSkybox":true,"showFlares":true,"showImageEffects":true,"showParticleSystems":true},"in2DMode":false,"pivot":{"x":14.81006908416748,"y":1.0371637344360352,"z":8.363802909851075},"rotation":{"x":-0.02098468691110611,"y":-0.035985011607408527,"z":-0.000778681191150099,"w":0.9991576075553894},"size":27.903167724609376,"orthographic":false}