{"cameraMode":{"drawMode":0,"name":"Shaded","section":"Shading Mode"},"sceneLighting":true,"audioPlay":false,"sceneViewState":{"showFog":true,"showMaterialUpdate":false,"showSkybox":true,"showFlares":true,"showImageEffects":true,"showParticleSystems":true},"in2DMode":false,"pivot":{"x":12.1898193359375,"y":-2.3436279296875,"z":0.814453125},"rotation":{"x":0.03237390145659447,"y":-0.037474121898412707,"z":0.001137408777140081,"w":0.9988121390342712},"size":13.260327339172364,"orthographic":true}