{"cameraMode":{"drawMode":0,"name":"Shaded","section":"Shading Mode"},"sceneLighting":false,"audioPlay":false,"sceneViewState":{"showFog":true,"showMaterialUpdate":false,"showSkybox":false,"showFlares":true,"showImageEffects":true,"showParticleSystems":true},"in2DMode":false,"pivot":{"x":2.5102925300598146,"y":1.9329302310943604,"z":4.130923748016357},"rotation":{"x":0.100635826587677,"y":-0.3202303946018219,"z":0.034233901649713519,"w":0.9413601160049439},"size":6.173343181610107,"orthographic":false}